student_id,skill_name,skill_level,score
STU-1001,Python,Advanced,88
STU-1001,Java,Intermediate,72
STU-1001,SQL,Advanced,86
STU-1001,React,Beginner,55
STU-1001,Communication,Intermediate,68
STU-1002,Python,Intermediate,68
STU-1002,Java,Beginner,52
STU-1002,SQL,Intermediate,61
STU-1002,React,Beginner,43
STU-1002,Communication,Intermediate,57
STU-1003,Python,Beginner,46
STU-1003,Java,Beginner,42
STU-1003,SQL,Intermediate,58
STU-1003,React,Beginner,38
STU-1003,Communication,Beginner,42
STU-1004,Python,Advanced,82
STU-1004,Java,Intermediate,74
STU-1004,SQL,Advanced,79
STU-1004,React,Intermediate,62
STU-1004,Communication,Intermediate,58
STU-1005,Python,Advanced,80
STU-1005,Java,Intermediate,62
STU-1005,SQL,Advanced,82
STU-1005,React,Beginner,44
STU-1005,Communication,Intermediate,55
STU-1006,Python,Intermediate,72
STU-1006,Java,Intermediate,65
STU-1006,SQL,Advanced,79
STU-1006,React,Beginner,46
STU-1006,Communication,Intermediate,54
STU-1007,Python,Intermediate,60
STU-1007,Java,Intermediate,64
STU-1007,SQL,Beginner,48
STU-1007,React,Beginner,40
STU-1007,Communication,Beginner,37
STU-1008,Python,Advanced,92
STU-1008,Java,Advanced,81
STU-1008,SQL,Advanced,90
STU-1008,React,Intermediate,71
STU-1008,Communication,Intermediate,69
STU-1009,Python,Intermediate,69
STU-1009,Java,Intermediate,63
STU-1009,SQL,Intermediate,66
STU-1009,React,Beginner,40
STU-1009,Communication,Intermediate,51
STU-1010,Python,Advanced,88
STU-1010,Java,Intermediate,68
STU-1010,SQL,Advanced,86
STU-1010,React,Intermediate,63
STU-1010,Communication,Intermediate,64
